{
  "title": "Affair on the Concordant Express",
  "id": "heist-one-shot",
  "system": "dnd5e",
  "joinTheme": "default",
  "coreVersion": "11.309",
  "compatibility": {
    "minimum": "11",
    "verified": "11.309"
  },
  "systemVersion": "2.3.1",
  "lastPlayed": "Sun Sep 24 2023 15:14:03 GMT+0000 (Coordinated Universal Time)",
  "packs": [
    {
      "type": "Item",
      "label": "DDB Backgrounds",
      "name": "ddb-heist-one-shot-ddb-backgrounds",
      "path": "packs/ddb-heist-one-shot-ddb-backgrounds",
      "system": "dnd5e",
      "ownership": {
        "PLAYER": "OBSERVER",
        "ASSISTANT": "OWNER"
      },
      "flags": {}
    },
    {
      "type": "Item",
      "label": "DDB Classes",
      "name": "ddb-heist-one-shot-ddb-classes",
      "path": "packs/ddb-heist-one-shot-ddb-classes",
      "system": "dnd5e",
      "ownership": {
        "PLAYER": "OBSERVER",
        "ASSISTANT": "OWNER"
      },
      "flags": {}
    },
    {
      "type": "Item",
      "label": "DDB Subclasses",
      "name": "ddb-heist-one-shot-ddb-subclasses",
      "path": "packs/ddb-heist-one-shot-ddb-subclasses",
      "system": "dnd5e",
      "ownership": {
        "PLAYER": "OBSERVER",
        "ASSISTANT": "OWNER"
      },
      "flags": {}
    },
    {
      "type": "Item",
      "label": "DDB Class Features",
      "name": "ddb-heist-one-shot-ddb-class-features",
      "path": "packs/ddb-heist-one-shot-ddb-class-features",
      "system": "dnd5e",
      "ownership": {
        "PLAYER": "OBSERVER",
        "ASSISTANT": "OWNER"
      },
      "flags": {}
    },
    {
      "type": "Item",
      "label": "DDB Feats",
      "name": "ddb-heist-one-shot-ddb-feats",
      "path": "packs/ddb-heist-one-shot-ddb-feats",
      "system": "dnd5e",
      "ownership": {
        "PLAYER": "OBSERVER",
        "ASSISTANT": "OWNER"
      },
      "flags": {}
    },
    {
      "type": "Item",
      "label": "DDB Items",
      "name": "ddb-heist-one-shot-ddb-items",
      "path": "packs/ddb-heist-one-shot-ddb-items",
      "system": "dnd5e",
      "ownership": {
        "PLAYER": "OBSERVER",
        "ASSISTANT": "OWNER"
      },
      "flags": {}
    },
    {
      "type": "Actor",
      "label": "DDB Monsters",
      "name": "ddb-heist-one-shot-ddb-monsters",
      "path": "packs/ddb-heist-one-shot-ddb-monsters",
      "system": "dnd5e",
      "ownership": {
        "PLAYER": "OBSERVER",
        "ASSISTANT": "OWNER"
      },
      "flags": {}
    },
    {
      "type": "Actor",
      "label": "DDB Vehicles",
      "name": "ddb-heist-one-shot-ddb-vehicles",
      "path": "packs/ddb-heist-one-shot-ddb-vehicles",
      "system": "dnd5e",
      "ownership": {
        "PLAYER": "OBSERVER",
        "ASSISTANT": "OWNER"
      },
      "flags": {}
    },
    {
      "type": "Item",
      "label": "DDB Races",
      "name": "ddb-heist-one-shot-ddb-races",
      "path": "packs/ddb-heist-one-shot-ddb-races",
      "system": "dnd5e",
      "ownership": {
        "PLAYER": "OBSERVER",
        "ASSISTANT": "OWNER"
      },
      "flags": {}
    },
    {
      "type": "Item",
      "label": "DDB Racial Traits",
      "name": "ddb-heist-one-shot-ddb-racial-traits",
      "path": "packs/ddb-heist-one-shot-ddb-racial-traits",
      "system": "dnd5e",
      "ownership": {
        "PLAYER": "OBSERVER",
        "ASSISTANT": "OWNER"
      },
      "flags": {}
    },
    {
      "type": "Item",
      "label": "DDB Spells",
      "name": "ddb-heist-one-shot-ddb-spells",
      "path": "packs/ddb-heist-one-shot-ddb-spells",
      "system": "dnd5e",
      "ownership": {
        "PLAYER": "OBSERVER",
        "ASSISTANT": "OWNER"
      },
      "flags": {}
    },
    {
      "type": "RollTable",
      "label": "DDB Tables",
      "name": "ddb-heist-one-shot-ddb-tables",
      "path": "packs/ddb-heist-one-shot-ddb-tables",
      "system": "dnd5e",
      "ownership": {
        "PLAYER": "OBSERVER",
        "ASSISTANT": "OWNER"
      },
      "flags": {}
    },
    {
      "type": "Item",
      "label": "DDB Override",
      "name": "ddb-heist-one-shot-ddb-override",
      "path": "packs/ddb-heist-one-shot-ddb-override",
      "system": "dnd5e",
      "ownership": {
        "PLAYER": "OBSERVER",
        "ASSISTANT": "OWNER"
      },
      "flags": {}
    },
    {
      "type": "Adventure",
      "label": "DDB Adventures",
      "name": "ddb-heist-one-shot-ddb-adventures",
      "path": "packs/ddb-heist-one-shot-ddb-adventures",
      "system": "dnd5e",
      "ownership": {
        "PLAYER": "OBSERVER",
        "ASSISTANT": "OWNER"
      },
      "flags": {}
    }
  ],
  "playtime": 56807,
  "background": "https://assets.forge-vtt.com/62f3f977e2fdcc9bd760b19b/Concordant%20Express/open%20fieeeelds.webp",
  "nextSession": "2023-09-17T17:00:00.000Z"
}