{
  "title": "Kairos",
  "id": "kairos",
  "system": "dnd5e",
  "background": "https://assets.forge-vtt.com/62f3f977e2fdcc9bd760b19b/Kairos/Landscapes/ruin.jpg",
  "joinTheme": "default",
  "coreVersion": "12.328",
  "compatibility": {
    "minimum": "12",
    "verified": "12.328"
  },
  "systemVersion": "3.2.1",
  "lastPlayed": "Fri Jun 06 2025 19:46:58 GMT+0000 (Coordinated Universal Time)",
  "packs": [
    {
      "type": "Item",
      "label": "DDB Backgrounds",
      "name": "ddb-kairos-ddb-backgrounds",
      "path": "packs/ddb-kairos-ddb-backgrounds",
      "system": "dnd5e",
      "ownership": {
        "PLAYER": "OBSERVER",
        "ASSISTANT": "OWNER"
      },
      "flags": {}
    },
    {
      "type": "Item",
      "label": "DDB Classes",
      "name": "ddb-kairos-ddb-classes",
      "path": "packs/ddb-kairos-ddb-classes",
      "system": "dnd5e",
      "ownership": {
        "PLAYER": "OBSERVER",
        "ASSISTANT": "OWNER"
      },
      "flags": {}
    },
    {
      "type": "Item",
      "label": "DDB Subclasses",
      "name": "ddb-kairos-ddb-subclasses",
      "path": "packs/ddb-kairos-ddb-subclasses",
      "system": "dnd5e",
      "ownership": {
        "PLAYER": "OBSERVER",
        "ASSISTANT": "OWNER"
      },
      "flags": {}
    },
    {
      "type": "Item",
      "label": "DDB Class Features",
      "name": "ddb-kairos-ddb-class-features",
      "path": "packs/ddb-kairos-ddb-class-features",
      "system": "dnd5e",
      "ownership": {
        "PLAYER": "OBSERVER",
        "ASSISTANT": "OWNER"
      },
      "flags": {}
    },
    {
      "type": "Item",
      "label": "DDB Feats",
      "name": "ddb-kairos-ddb-feats",
      "path": "packs/ddb-kairos-ddb-feats",
      "system": "dnd5e",
      "ownership": {
        "PLAYER": "OBSERVER",
        "ASSISTANT": "OWNER"
      },
      "flags": {}
    },
    {
      "type": "Item",
      "label": "DDB Items",
      "name": "ddb-kairos-ddb-items",
      "path": "packs/ddb-kairos-ddb-items",
      "system": "dnd5e",
      "ownership": {
        "PLAYER": "OBSERVER",
        "ASSISTANT": "OWNER"
      },
      "flags": {}
    },
    {
      "type": "Actor",
      "label": "DDB Monsters",
      "name": "ddb-kairos-ddb-monsters",
      "path": "packs/ddb-kairos-ddb-monsters",
      "system": "dnd5e",
      "ownership": {
        "PLAYER": "OBSERVER",
        "ASSISTANT": "OWNER"
      },
      "flags": {}
    },
    {
      "type": "Actor",
      "label": "DDB Vehicles",
      "name": "ddb-kairos-ddb-vehicles",
      "path": "packs/ddb-kairos-ddb-vehicles",
      "system": "dnd5e",
      "ownership": {
        "PLAYER": "OBSERVER",
        "ASSISTANT": "OWNER"
      },
      "flags": {}
    },
    {
      "type": "Item",
      "label": "DDB Races",
      "name": "ddb-kairos-ddb-races",
      "path": "packs/ddb-kairos-ddb-races",
      "system": "dnd5e",
      "ownership": {
        "PLAYER": "OBSERVER",
        "ASSISTANT": "OWNER"
      },
      "flags": {}
    },
    {
      "type": "Item",
      "label": "DDB Racial Traits",
      "name": "ddb-kairos-ddb-racial-traits",
      "path": "packs/ddb-kairos-ddb-racial-traits",
      "system": "dnd5e",
      "ownership": {
        "PLAYER": "OBSERVER",
        "ASSISTANT": "OWNER"
      },
      "flags": {}
    },
    {
      "type": "Item",
      "label": "DDB Spells",
      "name": "ddb-kairos-ddb-spells",
      "path": "packs/ddb-kairos-ddb-spells",
      "system": "dnd5e",
      "ownership": {
        "PLAYER": "OBSERVER",
        "ASSISTANT": "OWNER"
      },
      "flags": {}
    },
    {
      "type": "RollTable",
      "label": "DDB Tables",
      "name": "ddb-kairos-ddb-tables",
      "path": "packs/ddb-kairos-ddb-tables",
      "system": "dnd5e",
      "ownership": {
        "PLAYER": "OBSERVER",
        "ASSISTANT": "OWNER"
      },
      "flags": {}
    },
    {
      "type": "Item",
      "label": "DDB Override",
      "name": "ddb-kairos-ddb-override",
      "path": "packs/ddb-kairos-ddb-override",
      "system": "dnd5e",
      "ownership": {
        "PLAYER": "OBSERVER",
        "ASSISTANT": "OWNER"
      },
      "flags": {}
    },
    {
      "type": "Adventure",
      "label": "DDB Adventures",
      "name": "ddb-kairos-ddb-adventures",
      "path": "packs/ddb-kairos-ddb-adventures",
      "system": "dnd5e",
      "ownership": {
        "PLAYER": "OBSERVER",
        "ASSISTANT": "OWNER"
      },
      "flags": {}
    },
    {
      "type": "Actor",
      "label": "DDB Summons",
      "name": "ddb-kairos-ddb-summons",
      "path": "packs/ddb-kairos-ddb-summons",
      "system": "dnd5e",
      "ownership": {
        "PLAYER": "OBSERVER",
        "ASSISTANT": "OWNER"
      },
      "flags": {}
    },
    {
      "label": "Races of Kairos",
      "type": "Item",
      "name": "races-of-kairos",
      "path": "packs/races-of-kairos",
      "system": "dnd5e",
      "ownership": {
        "PLAYER": "OBSERVER",
        "ASSISTANT": "OWNER"
      },
      "flags": {}
    }
  ],
  "playtime": 139922
}