{
  "title": "Wildemount",
  "id": "wildemount",
  "system": "dnd5e",
  "background": "https://assets.forge-vtt.com/62f3f977e2fdcc9bd760b19b/Boat%20Game/00-Poster-Map-9000.jpg",
  "joinTheme": "default",
  "coreVersion": "12.328",
  "compatibility": {
    "minimum": "12",
    "verified": "12.328"
  },
  "systemVersion": "3.2.1",
  "lastPlayed": "Thu Aug 22 2024 22:18:15 GMT+0000 (Coordinated Universal Time)",
  "playtime": 2142,
  "packs": [
    {
      "type": "Item",
      "label": "DDB Backgrounds",
      "name": "ddb-wildemount-ddb-backgrounds",
      "path": "packs/ddb-wildemount-ddb-backgrounds",
      "system": "dnd5e",
      "ownership": {
        "PLAYER": "OBSERVER",
        "ASSISTANT": "OWNER"
      },
      "flags": {}
    },
    {
      "type": "Item",
      "label": "DDB Classes",
      "name": "ddb-wildemount-ddb-classes",
      "path": "packs/ddb-wildemount-ddb-classes",
      "system": "dnd5e",
      "ownership": {
        "PLAYER": "OBSERVER",
        "ASSISTANT": "OWNER"
      },
      "flags": {}
    },
    {
      "type": "Item",
      "label": "DDB Subclasses",
      "name": "ddb-wildemount-ddb-subclasses",
      "path": "packs/ddb-wildemount-ddb-subclasses",
      "system": "dnd5e",
      "ownership": {
        "PLAYER": "OBSERVER",
        "ASSISTANT": "OWNER"
      },
      "flags": {}
    },
    {
      "type": "Item",
      "label": "DDB Class Features",
      "name": "ddb-wildemount-ddb-class-features",
      "path": "packs/ddb-wildemount-ddb-class-features",
      "system": "dnd5e",
      "ownership": {
        "PLAYER": "OBSERVER",
        "ASSISTANT": "OWNER"
      },
      "flags": {}
    },
    {
      "type": "Item",
      "label": "DDB Feats",
      "name": "ddb-wildemount-ddb-feats",
      "path": "packs/ddb-wildemount-ddb-feats",
      "system": "dnd5e",
      "ownership": {
        "PLAYER": "OBSERVER",
        "ASSISTANT": "OWNER"
      },
      "flags": {}
    },
    {
      "type": "Item",
      "label": "DDB Items",
      "name": "ddb-wildemount-ddb-items",
      "path": "packs/ddb-wildemount-ddb-items",
      "system": "dnd5e",
      "ownership": {
        "PLAYER": "OBSERVER",
        "ASSISTANT": "OWNER"
      },
      "flags": {}
    },
    {
      "type": "Actor",
      "label": "DDB Monsters",
      "name": "ddb-wildemount-ddb-monsters",
      "path": "packs/ddb-wildemount-ddb-monsters",
      "system": "dnd5e",
      "ownership": {
        "PLAYER": "OBSERVER",
        "ASSISTANT": "OWNER"
      },
      "flags": {}
    },
    {
      "type": "Actor",
      "label": "DDB Vehicles",
      "name": "ddb-wildemount-ddb-vehicles",
      "path": "packs/ddb-wildemount-ddb-vehicles",
      "system": "dnd5e",
      "ownership": {
        "PLAYER": "OBSERVER",
        "ASSISTANT": "OWNER"
      },
      "flags": {}
    },
    {
      "type": "Item",
      "label": "DDB Races",
      "name": "ddb-wildemount-ddb-races",
      "path": "packs/ddb-wildemount-ddb-races",
      "system": "dnd5e",
      "ownership": {
        "PLAYER": "OBSERVER",
        "ASSISTANT": "OWNER"
      },
      "flags": {}
    },
    {
      "type": "Item",
      "label": "DDB Racial Traits",
      "name": "ddb-wildemount-ddb-racial-traits",
      "path": "packs/ddb-wildemount-ddb-racial-traits",
      "system": "dnd5e",
      "ownership": {
        "PLAYER": "OBSERVER",
        "ASSISTANT": "OWNER"
      },
      "flags": {}
    },
    {
      "type": "Item",
      "label": "DDB Spells",
      "name": "ddb-wildemount-ddb-spells",
      "path": "packs/ddb-wildemount-ddb-spells",
      "system": "dnd5e",
      "ownership": {
        "PLAYER": "OBSERVER",
        "ASSISTANT": "OWNER"
      },
      "flags": {}
    },
    {
      "type": "RollTable",
      "label": "DDB Tables",
      "name": "ddb-wildemount-ddb-tables",
      "path": "packs/ddb-wildemount-ddb-tables",
      "system": "dnd5e",
      "ownership": {
        "PLAYER": "OBSERVER",
        "ASSISTANT": "OWNER"
      },
      "flags": {}
    },
    {
      "type": "Item",
      "label": "DDB Override",
      "name": "ddb-wildemount-ddb-override",
      "path": "packs/ddb-wildemount-ddb-override",
      "system": "dnd5e",
      "ownership": {
        "PLAYER": "OBSERVER",
        "ASSISTANT": "OWNER"
      },
      "flags": {}
    },
    {
      "type": "Adventure",
      "label": "DDB Adventures",
      "name": "ddb-wildemount-ddb-adventures",
      "path": "packs/ddb-wildemount-ddb-adventures",
      "system": "dnd5e",
      "ownership": {
        "PLAYER": "OBSERVER",
        "ASSISTANT": "OWNER"
      },
      "flags": {}
    },
    {
      "type": "Actor",
      "label": "DDB Summons",
      "name": "ddb-wildemount-ddb-summons",
      "path": "packs/ddb-wildemount-ddb-summons",
      "system": "dnd5e",
      "ownership": {
        "PLAYER": "OBSERVER",
        "ASSISTANT": "OWNER"
      },
      "flags": {}
    }
  ]
}